,estadistico,p_valor
numb_bees,676.9916242871906,9.843207461880502e-148
max_itrs,1262.621101226683,6.68823464750383e-275
p_f,269.19675910750095,3.5048261998121037e-59
limit,86.79541490801229,1.4210688686799481e-19
modification_rate,363.79611462632164,1.0061840763003274e-79
